EduExp1,EduExp2,EduExp3,EntExp1,EntExp2,EntExp3,EscExp1,EscExp2,EscExp3,AesExp1,AesExp2,AesExp3,RCC1,RCC2,RCC3,SR1,SR2,SR3,PC1,PC2,PC3,RedTourismExperience,RedCultureCognition,SocialResponsibility,Patriotism,IndirectEffect_SR,IndirectEffect_Patriotism_RCC,IndirectEffect_Patriotism_SR,TotalIndirectEffect_Patriotism
4,4,4,4,4,4,3,4,4,4,4,5,4,4,4,4,4,4,4,4,5,4,2.371,2.053,2.229,0.227,0.195,0.251,0.446
5,4,4,4,4,4,4,5,4,4,4,4,4,4,3,4,4,5,4,4,4,4.167,2.649,2.649,2.667,0.227,0.195,0.251,0.446
5,5,4,4,4,3,3,4,4,4,5,3,4,4,5,4,3,5,4,5,4,4,2.831,2.63,2.512,0.227,0.195,0.251,0.446
4,4,4,5,3,4,3,4,5,4,4,4,4,4,3,4,4,4,5,5,4,4,2.393,2.43,2.512,0.227,0.195,0.251,0.446
4,3,4,4,4,4,3,3,4,4,4,4,4,4,4,4,5,4,4,4,4,3.75,2.605,2.505,2.776,0.227,0.195,0.251,0.446
4,4,4,5,4,4,4,4,4,4,4,4,4,5,4,4,5,4,5,4,5,4.083,2.494,2.859,2.734,0.227,0.195,0.251,0.446
4,4,5,4,5,3,4,3,4,5,5,3,4,4,4,4,5,4,4,4,5,4.083,2.297,2.386,2.751,0.227,0.195,0.251,0.446
4,4,4,4,4,4,4,4,4,4,3,4,4,4,4,4,5,4,3,4,5,3.917,2.655,2.257,2.72,0.227,0.195,0.251,0.446
4,4,4,4,4,4,3,4,4,5,4,4,4,4,4,4,4,5,4,4,4,4,2.926,2.562,3.067,0.227,0.195,0.251,0.446
4,4,4,4,4,5,4,4,4,4,3,4,4,4,4,3,3,4,4,4,5,4,2.429,2.416,2.527,0.227,0.195,0.251,0.446
4,5,4,4,3,4,4,3,4,4,4,4,4,4,4,3,4,4,4,5,4,3.917,2.232,2.594,2.357,0.227,0.195,0.251,0.446
4,5,4,5,4,5,4,4,4,4,4,4,4,3,4,4,4,4,5,4,5,4.25,2.853,2.725,2.952,0.227,0.195,0.251,0.446
4,3,4,5,4,4,4,4,4,4,4,4,4,4,5,5,3,5,4,4,4,4,2.415,2.158,2.295,0.227,0.195,0.251,0.446
4,4,4,5,4,4,3,5,4,4,4,4,4,4,4,5,5,5,4,5,4,4.083,2.761,2.801,2.913,0.227,0.195,0.251,0.446
4,4,4,4,3,4,3,4,4,4,4,4,4,4,5,5,4,4,4,4,5,3.833,2.722,2.647,2.476,0.227,0.195,0.251,0.446
4,4,5,3,4,4,4,4,4,4,4,4,4,3,4,4,4,5,4,4,4,4,2.666,2.56,2.417,0.227,0.195,0.251,0.446
4,3,4,4,3,4,3,3,3,4,4,4,4,4,3,4,4,5,4,4,4,3.583,2.491,2.542,2.785,0.227,0.195,0.251,0.446
4,4,4,4,3,4,3,4,3,4,4,4,5,4,4,5,4,5,4,5,5,3.75,2.601,2.689,2.353,0.227,0.195,0.251,0.446
5,5,4,5,3,5,4,5,4,4,4,4,5,5,4,4,5,4,5,5,4,4.333,3.015,2.694,3.104,0.227,0.195,0.251,0.446
4,4,5,4,4,4,4,4,4,3,4,5,4,4,4,5,5,4,5,4,5,4.083,2.663,2.34,2.698,0.227,0.195,0.251,0.446
4,4,4,4,4,4,4,4,4,4,4,4,4,4,4,4,4,4,5,4,4,4,2.756,2.562,2.675,0.227,0.195,0.251,0.446
4,5,5,4,4,3,3,4,4,4,5,4,4,4,3,5,4,4,5,4,4,4.083,2.687,2.708,2.233,0.227,0.195,0.251,0.446
4,5,4,4,4,4,3,4,4,4,4,4,4,4,4,4,5,5,5,4,4,4,2.678,2.511,2.979,0.227,0.195,0.251,0.446
4,4,5,5,5,4,4,4,5,4,5,4,4,5,5,4,4,3,4,4,4,4.417,3.481,2.738,2.789,0.227,0.195,0.251,0.446
4,5,3,3,4,5,3,3,4,4,4,4,4,4,4,4,4,5,5,4,5,3.833,2.54,2.463,2.752,0.227,0.195,0.251,0.446
5,4,4,4,5,4,4,4,5,4,4,4,4,4,4,4,4,4,4,4,4,4.25,2.463,2.054,2.238,0.227,0.195,0.251,0.446
4,3,4,4,4,4,3,4,3,5,4,4,4,4,4,4,5,5,4,5,4,3.833,2.452,2.31,2.234,0.227,0.195,0.251,0.446
4,5,4,4,4,4,5,5,3,4,4,5,5,4,4,4,5,4,5,5,4,4.25,2.7,2.858,2.97,0.227,0.195,0.251,0.446
4,4,5,4,3,3,4,4,4,4,4,5,4,4,4,4,4,4,5,4,5,4,2.547,2.718,2.786,0.227,0.195,0.251,0.446
4,4,4,4,3,3,4,4,3,4,5,4,5,4,4,3,4,4,5,5,4,3.833,2.682,1.532,1.898,0.227,0.195,0.251,0.446
4,5,4,4,5,4,4,3,4,4,4,5,4,4,4,4,4,4,3,4,4,4.167,2.934,2.646,3.131,0.227,0.195,0.251,0.446
4,4,4,4,4,4,5,3,4,5,4,4,4,4,4,4,4,4,4,4,4,4.083,2.633,2.705,2.637,0.227,0.195,0.251,0.446
4,4,4,4,4,4,4,4,4,4,4,5,3,4,4,4,4,4,4,4,4,4.083,2.376,2.171,2.415,0.227,0.195,0.251,0.446
4,4,4,4,4,4,4,4,4,4,5,5,4,4,4,4,4,4,5,4,4,4.167,2.728,2.529,2.589,0.227,0.195,0.251,0.446
4,4,4,4,4,4,4,3,3,4,4,4,4,4,4,4,4,4,4,4,4,3.833,2.383,2.669,2.274,0.227,0.195,0.251,0.446
4,5,4,4,4,4,3,5,4,4,4,5,4,4,4,5,5,4,3,5,5,4.167,2.75,2.508,2.846,0.227,0.195,0.251,0.446
4,4,3,5,4,4,3,3,4,4,4,3,4,4,4,4,4,5,4,4,4,3.75,2.413,2.744,2.644,0.227,0.195,0.251,0.446
4,4,5,4,5,4,4,4,4,4,4,3,5,4,4,4,4,4,4,4,4,4.083,2.897,2.462,2.469,0.227,0.195,0.251,0.446
4,4,4,4,3,3,4,4,4,5,4,5,4,4,5,4,4,5,4,5,4,4,2.655,2.882,2.985,0.227,0.195,0.251,0.446
4,5,5,4,4,4,3,4,3,5,4,4,4,5,5,4,4,4,5,4,4,4.083,2.546,2.533,2.607,0.227,0.195,0.251,0.446
5,4,5,4,4,4,4,5,4,5,5,3,5,4,4,4,4,4,5,4,4,4.333,2.54,2.403,2.609,0.227,0.195,0.251,0.446
4,4,5,4,4,3,4,4,4,3,4,4,5,4,4,4,5,4,4,4,5,3.917,2.536,2.808,3.111,0.227,0.195,0.251,0.446
4,4,4,4,4,3,4,4,5,4,5,4,4,4,4,5,5,4,5,4,4,4.083,2.645,2.258,2.111,0.227,0.195,0.251,0.446
4,4,4,4,5,5,3,4,3,3,4,4,4,5,3,3,4,4,4,5,5,3.917,2.493,2.24,2.022,0.227,0.195,0.251,0.446
4,4,4,4,5,4,4,3,4,3,4,4,5,5,4,5,4,4,5,5,4,3.917,2.701,2.634,2.298,0.227,0.195,0.251,0.446
5,4,4,4,4,4,4,4,4,4,4,4,4,4,5,4,5,4,4,4,4,4.083,2.378,2.486,2.615,0.227,0.195,0.251,0.446
5,4,4,4,4,4,3,4,3,4,3,4,4,4,4,4,5,4,4,5,4,3.833,2.339,2.421,2.347,0.227,0.195,0.251,0.446
5,4,4,4,4,5,3,4,4,4,4,4,4,4,4,4,4,4,4,5,4,4.083,2.665,2.474,2.536,0.227,0.195,0.251,0.446
4,5,4,4,3,3,5,4,3,4,4,3,5,5,4,4,4,4,4,4,4,3.833,2.38,2.066,2.072,0.227,0.195,0.251,0.446
4,4,4,4,3,4,4,4,5,4,5,3,4,4,4,4,3,4,4,4,5,4,2.529,2.322,2.904,0.227,0.195,0.251,0.446
4,4,4,3,3,4,3,3,5,4,4,5,4,5,4,5,4,4,4,4,4,3.833,2.48,2.731,3.103,0.227,0.195,0.251,0.446
4,4,4,4,4,3,4,3,4,4,4,3,4,4,4,4,4,4,5,5,5,3.75,2.575,2.067,2.574,0.227,0.195,0.251,0.446
5,4,4,4,4,3,2,4,4,4,5,4,4,5,4,4,4,4,4,4,4,3.917,2.526,2.862,2.309,0.227,0.195,0.251,0.446
4,4,5,4,4,4,4,3,4,4,4,4,4,4,4,3,4,5,5,4,5,4,2.206,2.451,2.321,0.227,0.195,0.251,0.446
5,4,5,4,4,5,3,4,3,4,4,4,4,4,4,4,3,5,5,4,5,4.083,2.534,2.371,2.732,0.227,0.195,0.251,0.446
4,5,5,4,4,4,4,3,4,4,4,5,4,4,5,4,5,4,5,5,4,4.167,2.807,2.149,2.524,0.227,0.195,0.251,0.446
4,4,4,4,4,4,4,4,4,4,4,5,4,5,5,4,4,4,4,4,4,4.083,2.807,2.148,2.743,0.227,0.195,0.251,0.446
4,4,4,5,3,3,3,4,4,4,4,4,4,4,3,4,4,4,4,4,4,3.833,2.655,2.374,2.825,0.227,0.195,0.251,0.446
4,5,4,5,4,4,5,3,5,3,4,3,4,4,5,4,4,4,4,5,4,4.083,2.874,2.52,3.164,0.227,0.195,0.251,0.446
5,4,5,5,4,5,4,4,5,4,3,4,4,4,3,4,5,5,5,5,4,4.333,2.84,2.757,2.658,0.227,0.195,0.251,0.446
4,4,4,4,4,5,4,4,4,4,4,4,4,4,4,5,4,3,5,4,4,4.083,2.707,3.01,2.853,0.227,0.195,0.251,0.446
4,4,4,4,4,4,4,4,3,4,4,4,4,4,5,5,4,4,4,4,4,3.917,2.343,2.521,2.385,0.227,0.195,0.251,0.446
4,4,4,5,5,4,3,4,3,4,4,4,4,4,4,4,5,4,4,4,4,4,2.165,2.326,1.88,0.227,0.195,0.251,0.446
4,4,5,4,4,4,4,4,4,5,4,4,5,3,4,5,5,4,5,5,4,4.167,2.425,2.82,2.864,0.227,0.195,0.251,0.446
4,4,4,5,4,4,4,4,4,4,4,4,4,4,4,4,5,3,4,4,4,4.083,2.514,2.551,2.732,0.227,0.195,0.251,0.446
4,4,4,4,3,4,3,3,4,4,4,4,4,4,5,4,4,4,4,5,4,3.75,2.166,2.658,2.326,0.227,0.195,0.251,0.446
4,4,4,5,4,3,4,4,3,4,4,3,4,4,4,4,4,4,4,5,4,3.833,2.433,2.217,1.984,0.227,0.195,0.251,0.446
4,5,5,4,5,4,4,3,3,3,4,4,4,3,4,4,5,5,5,4,4,4,2.508,2.191,2.333,0.227,0.195,0.251,0.446
4,4,4,4,4,3,3,4,3,4,4,4,4,4,5,4,5,4,4,5,4,3.75,2.625,1.919,2.488,0.227,0.195,0.251,0.446
4,4,5,5,4,4,3,4,4,3,4,4,4,4,4,4,4,4,5,4,5,4,2.406,2.416,2.823,0.227,0.195,0.251,0.446
4,5,5,5,4,4,4,3,4,4,4,4,5,4,4,5,4,4,5,4,4,4.167,2.736,2.316,2.402,0.227,0.195,0.251,0.446
4,4,5,5,4,4,4,4,4,4,4,3,4,4,4,4,4,3,4,5,4,4.083,2.57,2.221,2.753,0.227,0.195,0.251,0.446
4,4,4,4,4,5,3,4,4,4,4,4,3,5,4,4,4,4,5,4,4,4,2.399,2.698,2.754,0.227,0.195,0.251,0.446
4,5,3,4,4,5,5,4,4,4,4,4,4,4,4,5,5,4,4,4,4,4.167,2.563,2.133,2.559,0.227,0.195,0.251,0.446
4,4,4,4,4,3,4,5,4,4,4,4,4,3,5,4,5,4,4,5,4,4,2.19,2.392,2.09,0.227,0.195,0.251,0.446
5,4,4,3,5,3,3,5,4,5,4,4,4,4,4,4,4,4,5,4,4,4.083,2.804,2.594,2.383,0.227,0.195,0.251,0.446
4,4,4,4,4,4,4,4,4,5,4,4,5,4,4,5,4,4,4,4,4,4.083,2.935,2.683,2.563,0.227,0.195,0.251,0.446
4,4,4,4,4,4,4,4,4,4,5,3,5,4,4,4,4,3,4,4,4,4,2.547,2.837,2.617,0.227,0.195,0.251,0.446
5,4,3,4,4,4,5,4,4,4,4,5,4,5,5,4,5,4,4,4,4,4.167,2.714,2.41,3.062,0.227,0.195,0.251,0.446
4,4,5,5,4,4,4,3,4,4,4,4,4,5,4,4,4,4,4,4,5,4.083,2.595,2.888,2.585,0.227,0.195,0.251,0.446
4,4,4,4,5,4,5,4,3,4,4,5,4,3,4,4,4,5,5,5,4,4.167,2.544,2.117,2.636,0.227,0.195,0.251,0.446
5,4,4,3,4,4,3,3,3,3,5,4,4,4,5,5,4,4,5,4,5,3.75,2.578,2.565,2.433,0.227,0.195,0.251,0.446
4,4,5,4,4,5,4,3,4,5,4,4,3,4,5,4,4,3,5,4,5,4.167,2.772,3.006,2.986,0.227,0.195,0.251,0.446
4,4,5,4,4,5,4,3,5,3,4,4,4,4,4,5,4,4,4,4,4,4.083,2.072,1.345,1.96,0.227,0.195,0.251,0.446
5,5,4,4,5,4,4,4,3,5,4,4,4,4,4,5,4,4,4,5,4,4.25,2.556,2.586,2.695,0.227,0.195,0.251,0.446
4,5,4,3,4,4,4,3,4,4,3,4,4,4,4,3,5,4,4,4,5,3.833,2.081,2.233,2.376,0.227,0.195,0.251,0.446
4,5,4,5,4,4,4,4,3,4,4,4,4,4,4,4,4,5,4,4,4,4.083,2.965,2.689,2.72,0.227,0.195,0.251,0.446
4,3,4,3,4,4,3,4,3,4,4,4,5,4,4,4,4,4,4,4,4,3.667,2.349,2.717,2.618,0.227,0.195,0.251,0.446
4,4,5,4,4,5,4,3,4,4,4,4,4,4,4,4,4,4,5,4,4,4.083,2.702,2.388,2.891,0.227,0.195,0.251,0.446
4,4,4,4,3,4,3,4,4,5,4,5,5,4,4,5,5,4,4,4,5,4,2.529,2.189,2.246,0.227,0.195,0.251,0.446
5,4,5,5,4,4,3,4,4,3,4,4,4,4,4,4,4,4,5,4,4,4.083,2.875,2.659,3.039,0.227,0.195,0.251,0.446
4,4,4,4,4,4,4,3,3,3,4,5,3,4,4,4,4,4,5,4,5,3.833,2.664,2.747,2.598,0.227,0.195,0.251,0.446
4,4,4,4,4,4,4,3,4,5,4,3,4,5,4,5,4,4,3,4,5,3.917,2.503,2.582,2.474,0.227,0.195,0.251,0.446
4,4,4,4,4,4,4,4,4,4,4,4,5,4,4,4,4,4,4,4,4,4,2.944,2.639,2.914,0.227,0.195,0.251,0.446
5,4,5,5,4,4,4,4,4,3,4,4,4,4,4,5,5,4,4,4,4,4.167,2.745,2.57,2.6,0.227,0.195,0.251,0.446
3,4,4,4,3,3,4,4,3,4,3,4,5,4,4,4,4,4,4,5,4,3.583,2.037,1.645,2.065,0.227,0.195,0.251,0.446
4,4,4,3,5,4,4,4,3,4,4,4,4,4,3,5,4,4,4,5,4,3.917,2.566,2.611,2.654,0.227,0.195,0.251,0.446
4,4,5,5,4,4,4,4,4,4,4,3,4,4,5,5,4,4,4,4,4,4.083,2.758,2.775,2.233,0.227,0.195,0.251,0.446
4,4,5,5,5,5,4,5,4,4,5,5,4,4,4,4,4,4,4,4,4,4.583,2.953,2.694,2.984,0.227,0.195,0.251,0.446
4,5,4,5,5,4,3,4,4,4,4,4,4,4,4,4,4,4,5,3,4,4.167,2.626,2.47,2.249,0.227,0.195,0.251,0.446
4,4,4,4,4,4,4,4,5,4,4,5,5,4,4,4,4,5,5,4,5,4.167,3.061,2.476,2.401,0.227,0.195,0.251,0.446
4,4,4,4,4,4,4,4,4,4,5,4,4,4,4,5,3,5,4,4,3,4.083,2.417,2.696,2.712,0.227,0.195,0.251,0.446
5,4,4,4,4,4,4,4,4,5,3,4,4,4,4,4,5,4,4,4,4,4.083,2.101,2.277,2.492,0.227,0.195,0.251,0.446
4,4,5,5,3,4,5,3,5,4,3,4,4,4,5,4,4,5,4,5,5,4.083,2.978,2.638,3.067,0.227,0.195,0.251,0.446
5,5,5,4,3,4,4,3,4,5,4,3,4,4,4,4,4,5,4,4,4,4.083,2.409,2.634,2.321,0.227,0.195,0.251,0.446
4,4,4,4,5,4,3,4,4,4,4,4,4,5,4,4,5,4,4,5,4,4,2.543,2.572,2.406,0.227,0.195,0.251,0.446
4,4,4,3,5,5,4,4,5,5,4,5,3,4,4,5,4,5,3,5,5,4.333,2.741,2.834,2.939,0.227,0.195,0.251,0.446
4,4,5,4,4,4,4,3,5,4,4,3,4,4,4,4,4,5,4,4,4,4,2.846,2.64,3.016,0.227,0.195,0.251,0.446
4,4,5,4,5,5,5,4,4,4,4,5,4,4,4,4,4,4,4,4,5,4.417,3.158,2.921,3.047,0.227,0.195,0.251,0.446
5,4,4,5,4,3,4,3,4,4,4,4,4,4,4,4,5,4,4,4,3,4,2.342,2.466,2.27,0.227,0.195,0.251,0.446
4,4,4,4,3,4,4,5,4,4,5,4,4,4,4,5,4,4,5,5,4,4.083,2.926,2.771,3.179,0.227,0.195,0.251,0.446
4,5,4,4,4,3,3,5,4,4,4,4,4,3,4,4,4,4,4,4,4,4,2.868,2.729,2.686,0.227,0.195,0.251,0.446
4,4,4,4,4,3,4,4,5,5,4,4,4,4,4,4,4,4,4,3,4,4.083,2.658,2.257,2.459,0.227,0.195,0.251,0.446
4,4,4,3,4,5,4,4,4,4,4,5,4,4,4,4,4,4,4,5,4,4.083,2.841,2.478,2.301,0.227,0.195,0.251,0.446
4,4,4,5,4,4,4,4,3,4,3,4,5,4,4,4,4,4,5,5,5,3.917,2.752,2.479,2.782,0.227,0.195,0.251,0.446
4,4,4,4,4,4,4,4,3,5,4,4,4,4,4,4,4,5,4,4,4,4,2.55,2.605,2.82,0.227,0.195,0.251,0.446
4,4,4,4,5,4,4,4,5,4,4,4,4,4,5,4,4,5,5,5,4,4.167,2.677,3.003,2.661,0.227,0.195,0.251,0.446
5,5,4,4,4,4,5,4,4,4,5,4,4,4,4,4,4,4,5,4,4,4.333,2.935,2.557,3.208,0.227,0.195,0.251,0.446
4,4,4,4,4,4,4,4,4,4,4,4,4,4,4,3,4,5,5,4,5,4,2.274,2.616,2.382,0.227,0.195,0.251,0.446
4,4,4,4,5,4,3,3,4,4,5,4,5,4,4,3,3,3,4,4,4,4,2.529,2.343,2.652,0.227,0.195,0.251,0.446
4,5,4,4,4,3,4,3,4,4,5,4,4,3,4,5,5,4,4,4,5,4,2.36,2.769,2.671,0.227,0.195,0.251,0.446
4,4,4,4,4,4,3,4,4,4,4,4,4,4,4,4,5,5,5,4,4,3.917,2.831,3.035,2.34,0.227,0.195,0.251,0.446
4,4,4,4,4,3,4,4,4,4,3,5,4,4,4,4,3,4,4,4,5,3.917,2.473,1.995,2.459,0.227,0.195,0.251,0.446
4,4,4,4,4,3,4,4,3,5,4,4,4,4,4,4,4,4,4,4,4,3.917,2.601,2.395,2.635,0.227,0.195,0.251,0.446
5,5,5,4,3,4,4,3,4,4,4,4,4,4,4,5,5,4,4,5,4,4.083,2.61,1.959,1.942,0.227,0.195,0.251,0.446
4,5,4,4,3,5,4,4,4,4,4,5,5,4,3,5,4,4,4,3,4,4.167,2.652,2.172,2.879,0.227,0.195,0.251,0.446
5,4,4,4,4,4,4,4,4,4,4,5,4,4,4,5,4,5,4,4,5,4.167,2.751,2.222,2.662,0.227,0.195,0.251,0.446
4,3,4,5,3,4,3,3,3,5,5,4,4,4,4,4,4,4,5,4,5,3.833,2.346,2.51,2.784,0.227,0.195,0.251,0.446
4,4,4,4,4,4,4,4,3,4,3,4,5,3,4,4,5,4,5,4,4,3.833,2.452,2.501,2.074,0.227,0.195,0.251,0.446
5,5,4,4,4,4,3,4,4,4,5,4,4,4,5,4,5,4,5,4,4,4.167,2.667,2.8,2.651,0.227,0.195,0.251,0.446
4,4,4,3,3,4,4,4,4,3,4,3,4,4,4,3,4,3,4,5,4,3.667,2.299,2.423,2.687,0.227,0.195,0.251,0.446
5,5,4,4,3,3,3,4,3,4,3,4,4,3,4,4,4,5,4,5,4,3.75,2.516,2.502,2.113,0.227,0.195,0.251,0.446
4,5,4,4,5,4,4,3,4,3,4,5,5,4,4,4,4,5,4,4,5,4.083,2.565,2.559,2.514,0.227,0.195,0.251,0.446
5,4,4,4,4,5,4,4,5,4,4,4,4,4,4,4,4,4,4,4,4,4.25,3.085,2.747,2.976,0.227,0.195,0.251,0.446
4,4,4,4,4,4,4,3,4,4,4,3,4,4,5,4,4,4,4,4,4,3.833,2.617,2.704,2.16,0.227,0.195,0.251,0.446
4,4,4,4,4,5,3,4,3,4,3,4,4,5,4,5,4,4,4,4,4,3.833,2.222,2.314,2.028,0.227,0.195,0.251,0.446
4,4,4,4,4,4,4,4,4,4,4,4,4,4,4,4,4,4,4,4,4,4,2.71,2.68,3.031,0.227,0.195,0.251,0.446
4,4,5,3,4,4,3,5,4,3,4,4,4,4,4,4,3,4,3,4,4,3.917,2.408,1.827,2.251,0.227,0.195,0.251,0.446
4,4,5,4,5,4,5,4,4,4,4,4,4,4,4,4,4,4,5,4,4,4.25,2.79,2.383,2.934,0.227,0.195,0.251,0.446
4,5,4,4,4,5,4,4,3,4,4,4,4,4,4,5,4,4,5,4,4,4.083,2.508,2.756,2.717,0.227,0.195,0.251,0.446
2,1,2,1,1,2,2,1,2,2,1,1,2,1,2,2,2,2,2,2,1,1.5,0.536,0.621,1.323,0.227,0.195,0.251,0.446
5,4,5,4,5,5,3,4,5,4,4,4,4,5,4,4,4,4,4,5,5,4.333,2.812,2.369,2.768,0.227,0.195,0.251,0.446
4,4,5,4,5,4,4,4,4,4,4,5,4,4,4,4,5,5,5,4,4,4.25,2.476,2.727,3.001,0.227,0.195,0.251,0.446
3,4,3,4,4,4,4,3,3,4,4,3,4,5,4,4,4,3,4,5,4,3.583,2.413,2.278,2.29,0.227,0.195,0.251,0.446
4,4,5,4,5,4,5,4,4,4,3,4,4,4,4,3,4,4,5,5,5,4.167,2.743,2.525,2.719,0.227,0.195,0.251,0.446
4,5,4,4,4,4,4,5,5,5,4,4,5,4,5,4,4,4,4,4,4,4.333,2.696,3.054,3.058,0.227,0.195,0.251,0.446
4,4,4,5,3,4,5,4,4,4,4,4,4,4,4,4,4,3,5,4,3,4.083,3.019,3.024,3.134,0.227,0.195,0.251,0.446
4,3,4,5,4,4,3,5,3,4,3,4,4,4,4,4,4,5,4,4,4,3.833,2.244,2.272,2.339,0.227,0.195,0.251,0.446
4,4,4,3,4,4,4,3,4,5,4,4,4,4,4,5,4,4,5,4,4,3.917,2.421,2.595,2.548,0.227,0.195,0.251,0.446
4,4,4,4,5,5,3,3,4,5,4,4,3,4,4,4,3,4,5,4,4,4.083,2.43,1.924,2.441,0.227,0.195,0.251,0.446
4,5,4,4,4,4,4,4,3,4,4,4,4,4,4,4,5,4,5,4,4,4,3.008,2.926,2.998,0.227,0.195,0.251,0.446
4,4,4,4,4,4,4,4,4,4,4,4,4,4,4,4,3,4,4,5,4,4,2.87,2.333,2.338,0.227,0.195,0.251,0.446
4,4,4,4,5,3,3,4,4,5,4,5,4,4,3,4,5,4,5,3,5,4.083,2.37,2.1,2.424,0.227,0.195,0.251,0.446
4,5,4,5,5,4,4,4,4,4,4,4,5,5,4,4,4,4,4,5,4,4.25,2.597,2.163,2.575,0.227,0.195,0.251,0.446
4,4,4,3,4,5,3,4,4,4,4,4,4,4,5,4,4,4,4,5,5,3.917,2.388,1.937,2.03,0.227,0.195,0.251,0.446
4,4,5,4,4,4,4,3,3,4,4,4,4,5,4,5,4,4,5,4,4,3.917,2.436,2.689,2.816,0.227,0.195,0.251,0.446
4,4,4,4,4,4,4,4,3,4,5,4,4,4,5,4,4,4,4,4,5,4,2.391,2.595,2.659,0.227,0.195,0.251,0.446
3,4,5,4,4,4,4,3,4,4,3,4,5,4,4,4,4,3,3,4,4,3.833,2.371,2.172,2.929,0.227,0.195,0.251,0.446
5,4,4,5,4,5,4,3,3,4,4,4,4,4,4,3,4,5,4,4,4,4.083,2.855,2.846,2.805,0.227,0.195,0.251,0.446
4,5,5,5,4,4,3,4,4,3,4,4,4,4,4,4,4,4,3,4,4,4.083,3.044,2.55,3.034,0.227,0.195,0.251,0.446
4,4,4,4,4,4,3,3,3,4,4,5,4,4,5,4,3,4,5,4,4,3.833,2.183,2.378,2.508,0.227,0.195,0.251,0.446
4,4,4,4,3,5,4,2,4,3,5,4,4,5,4,4,4,5,5,5,5,3.833,2.283,2.212,2.817,0.227,0.195,0.251,0.446
4,4,5,4,4,4,4,4,4,4,4,5,4,5,4,4,4,4,4,5,4,4.167,2.751,2.6,2.456,0.227,0.195,0.251,0.446
5,4,5,4,4,4,4,4,3,4,4,5,4,5,4,5,4,4,4,4,4,4.167,2.392,2.277,2.338,0.227,0.195,0.251,0.446
4,4,5,4,3,4,4,4,4,4,4,5,4,4,5,5,4,4,5,4,5,4.083,2.702,2.389,2.349,0.227,0.195,0.251,0.446
4,4,4,5,3,4,5,3,5,4,4,4,4,4,4,4,5,5,5,5,4,4.083,2.762,2.736,2.72,0.227,0.195,0.251,0.446
4,4,5,4,4,4,4,4,4,4,4,3,4,4,4,4,4,5,4,5,5,4,2.74,2.735,2.435,0.227,0.195,0.251,0.446
5,4,4,4,4,5,4,4,4,4,5,4,4,4,4,4,4,4,4,4,5,4.25,2.865,2.599,2.368,0.227,0.195,0.251,0.446
4,4,4,4,4,4,3,4,4,4,4,4,4,5,4,5,4,5,4,4,5,3.917,2.439,2.039,1.797,0.227,0.195,0.251,0.446
4,4,4,5,4,4,3,4,4,5,4,4,4,4,4,4,4,5,4,4,4,4.083,2.618,3.167,2.32,0.227,0.195,0.251,0.446
4,4,4,5,4,3,4,4,3,5,4,5,4,5,4,5,5,4,4,4,4,4.083,2.418,2.489,2.702,0.227,0.195,0.251,0.446
4,4,5,4,4,4,4,4,5,3,5,4,4,4,4,4,4,4,4,5,5,4.167,2.801,2.725,2.65,0.227,0.195,0.251,0.446
4,4,4,4,4,4,4,4,4,4,3,4,3,4,4,5,4,3,4,5,4,3.917,2.867,2.255,2.237,0.227,0.195,0.251,0.446
5,4,4,4,4,4,4,3,4,4,4,4,4,4,4,4,4,4,4,4,5,4,2.692,2.846,2.581,0.227,0.195,0.251,0.446
4,4,4,4,4,4,4,4,4,5,4,4,5,4,4,4,5,5,4,4,5,4.083,2.515,2.856,2.581,0.227,0.195,0.251,0.446
3,4,4,5,4,4,4,4,4,4,4,5,4,4,4,4,4,4,4,4,4,4.083,2.853,2.205,2.313,0.227,0.195,0.251,0.446
4,4,4,4,5,4,5,4,4,4,5,4,4,3,4,4,4,4,4,4,5,4.25,3.236,2.807,3.345,0.227,0.195,0.251,0.446
4,4,4,4,4,4,4,3,4,4,5,5,4,4,5,4,5,5,4,4,4,4.083,2.703,2.534,2.995,0.227,0.195,0.251,0.446
4,4,4,4,3,3,4,5,3,4,4,4,4,4,4,4,5,4,4,4,5,3.833,2.603,3.041,3.161,0.227,0.195,0.251,0.446
4,5,4,3,4,5,4,3,4,4,5,4,4,4,4,4,4,4,5,4,5,4.083,2.79,2.971,2.887,0.227,0.195,0.251,0.446
5,4,4,4,4,4,4,4,4,4,5,4,4,4,3,4,3,3,5,4,4,4.167,2.387,2.14,2.476,0.227,0.195,0.251,0.446
5,3,4,5,4,4,4,4,3,4,3,3,4,4,5,4,4,4,5,4,4,3.833,2.409,2.195,2.204,0.227,0.195,0.251,0.446
4,4,4,4,4,4,4,2,4,4,4,4,4,3,3,3,4,4,5,4,5,3.833,2.389,2.146,2.13,0.227,0.195,0.251,0.446
4,4,4,5,3,4,3,4,4,4,4,5,4,4,4,4,4,5,5,4,4,4,2.767,2.661,2.7,0.227,0.195,0.251,0.446
5,4,4,4,3,4,4,5,3,4,4,5,4,5,4,4,4,4,5,4,4,4.083,2.798,3.006,3.021,0.227,0.195,0.251,0.446
4,4,4,5,4,4,5,4,4,4,4,4,4,3,4,4,4,5,4,4,5,4.167,2.684,2.633,2.991,0.227,0.195,0.251,0.446
4,4,4,5,5,5,4,3,3,4,4,4,3,4,4,4,5,4,4,4,5,4.083,2.539,2.647,2.501,0.227,0.195,0.251,0.446
5,5,4,4,4,3,3,4,3,4,4,3,4,4,4,5,4,5,5,4,5,3.833,2.154,2.121,1.948,0.227,0.195,0.251,0.446
5,4,3,4,4,5,4,4,4,4,4,4,4,4,5,4,4,5,5,4,5,4.083,2.651,2.685,2.87,0.227,0.195,0.251,0.446
4,3,4,4,4,4,4,3,4,4,5,4,4,4,5,4,4,5,4,5,5,3.917,2.355,2.273,1.944,0.227,0.195,0.251,0.446
4,5,4,4,5,4,3,4,3,3,4,4,4,4,4,4,4,5,5,4,4,3.917,2.33,1.972,2.261,0.227,0.195,0.251,0.446
4,5,3,4,4,3,5,4,4,4,4,4,4,4,4,4,4,5,4,5,5,4,2.785,2.683,2.731,0.227,0.195,0.251,0.446
4,5,4,4,4,4,4,3,4,4,4,5,5,3,4,4,4,4,5,4,4,4.083,2.819,2.617,2.614,0.227,0.195,0.251,0.446
5,4,4,4,3,4,4,4,4,4,4,4,4,4,4,3,4,4,4,4,5,4,2.502,2.201,2.045,0.227,0.195,0.251,0.446
4,5,4,3,4,4,4,4,3,4,4,4,4,5,4,4,3,5,4,5,4,3.917,2.232,2.759,2.465,0.227,0.195,0.251,0.446
4,4,4,3,4,4,3,4,4,4,5,4,4,5,3,4,5,4,4,4,4,3.917,2.381,2.208,2.791,0.227,0.195,0.251,0.446
2,1,2,1,1,1,2,1,1,2,1,1,2,1,1,2,1,1,1,1,2,1.333,1.065,1.058,1.158,0.227,0.195,0.251,0.446
4,4,4,4,4,4,4,4,4,4,5,3,4,4,4,4,5,4,4,4,4,4,2.694,2.452,2.879,0.227,0.195,0.251,0.446
5,4,4,4,4,4,3,4,4,3,4,5,4,4,4,3,5,4,4,5,4,4,2.506,2.863,2.393,0.227,0.195,0.251,0.446
4,4,4,4,5,4,3,4,4,3,3,4,4,3,4,4,3,5,4,4,4,3.833,2.503,2.35,2.522,0.227,0.195,0.251,0.446
5,4,5,5,4,4,3,3,4,4,4,4,4,4,4,4,4,5,4,4,4,4.083,2.239,1.998,2.31,0.227,0.195,0.251,0.446
5,4,5,3,3,3,5,4,3,4,4,4,4,4,4,4,4,3,4,4,4,3.917,2.116,2.51,2.449,0.227,0.195,0.251,0.446
4,4,3,4,4,3,4,3,4,4,3,4,3,5,4,4,4,4,4,5,5,3.667,2.779,2.824,2.836,0.227,0.195,0.251,0.446
5,4,4,4,4,4,4,4,4,4,4,4,5,4,4,4,4,5,4,5,4,4.083,2.755,2.491,2.676,0.227,0.195,0.251,0.446
4,4,5,5,4,4,3,3,4,4,3,4,4,4,4,4,5,4,4,4,4,3.917,2.546,2.628,2.301,0.227,0.195,0.251,0.446
4,4,4,4,3,4,4,3,2,4,5,4,4,4,3,4,5,5,4,4,4,3.75,2.358,2.358,2.554,0.227,0.195,0.251,0.446
4,4,4,4,4,4,4,4,4,4,3,3,4,4,4,4,4,3,4,4,5,3.833,2.139,2.186,2.493,0.227,0.195,0.251,0.446
4,5,5,4,4,4,4,4,4,4,4,5,4,4,4,4,4,4,5,4,4,4.25,2.961,2.947,3.247,0.227,0.195,0.251,0.446
5,4,4,4,4,3,3,4,4,3,4,5,4,4,4,4,3,4,5,5,4,3.917,2.318,2.178,2.691,0.227,0.195,0.251,0.446
4,4,5,5,4,4,4,4,4,4,4,4,4,4,3,5,4,4,4,4,4,4.167,2.849,2.672,2.876,0.227,0.195,0.251,0.446
4,5,4,4,4,4,3,3,4,3,5,4,4,4,4,3,4,4,4,5,5,3.917,2.572,2.531,2.282,0.227,0.195,0.251,0.446
4,4,4,4,4,4,3,4,4,4,3,4,4,4,4,4,4,4,4,4,4,3.833,2.481,2.457,2.112,0.227,0.195,0.251,0.446
5,4,4,3,4,4,4,4,3,5,4,5,4,5,4,4,4,4,5,4,4,4.083,2.394,2.277,2.389,0.227,0.195,0.251,0.446
4,4,5,4,4,3,4,4,4,4,3,5,4,4,4,4,4,5,4,4,4,4,2.342,2.935,2.906,0.227,0.195,0.251,0.446
4,4,4,4,4,4,4,4,4,4,4,4,4,4,4,4,4,4,5,4,5,4,2.678,2.853,2.958,0.227,0.195,0.251,0.446
4,3,4,3,5,4,3,4,4,3,4,5,4,4,5,5,4,4,5,4,4,3.833,2.508,2.659,2.651,0.227,0.195,0.251,0.446
4,4,5,4,4,4,4,4,3,4,4,5,4,4,4,5,4,4,4,4,5,4.083,2.664,2.924,2.776,0.227,0.195,0.251,0.446
5,4,4,5,3,4,3,4,3,4,4,4,4,5,4,4,4,4,4,4,5,3.917,2.603,2.495,3.038,0.227,0.195,0.251,0.446
5,4,4,5,4,5,5,3,4,4,5,4,4,5,4,4,5,4,4,4,4,4.333,2.429,2.491,2.735,0.227,0.195,0.251,0.446
4,4,4,4,4,4,4,3,4,5,4,4,4,4,4,5,4,4,4,3,5,4,2.803,2.309,2.543,0.227,0.195,0.251,0.446
4,4,4,4,4,4,4,4,4,5,4,4,4,4,5,5,4,5,5,4,4,4.083,2.583,2.362,2.375,0.227,0.195,0.251,0.446
4,4,4,3,5,3,4,3,4,4,4,4,4,3,4,3,4,4,4,4,4,3.833,2.726,2.234,2.226,0.227,0.195,0.251,0.446
4,5,3,5,5,3,5,4,4,4,3,4,4,4,4,4,4,4,5,5,4,4.083,2.253,2.29,2.132,0.227,0.195,0.251,0.446
5,5,3,4,3,4,4,3,5,5,4,4,4,5,4,4,4,4,5,5,5,4.083,2.768,2.671,2.463,0.227,0.195,0.251,0.446
4,4,4,4,4,5,4,5,3,3,4,3,4,4,4,4,4,5,5,4,5,3.917,2.658,2.725,2.741,0.227,0.195,0.251,0.446
4,4,5,5,4,4,5,4,4,4,4,4,5,4,4,4,4,4,4,4,4,4.25,2.465,2.784,2.699,0.227,0.195,0.251,0.446
5,5,4,3,4,4,4,4,4,4,4,5,4,5,5,4,4,4,4,4,4,4.167,2.58,2.277,2.437,0.227,0.195,0.251,0.446
4,4,4,5,3,4,4,3,3,3,5,5,4,4,4,4,4,4,4,5,4,3.917,2.334,2.556,2.69,0.227,0.195,0.251,0.446
4,4,4,4,4,4,4,4,4,4,4,4,3,4,4,4,4,4,4,4,5,4,2.773,2.856,3.227,0.227,0.195,0.251,0.446
4,4,4,4,4,4,4,3,4,4,5,4,4,4,4,4,3,4,4,5,4,4,2.662,2.468,2.38,0.227,0.195,0.251,0.446
4,5,4,4,4,4,3,4,4,4,4,3,4,5,4,4,4,4,4,5,4,3.917,2.866,2.869,2.622,0.227,0.195,0.251,0.446
4,4,4,4,4,4,4,3,4,4,5,3,5,4,4,4,4,4,4,4,4,3.917,2.586,2.691,2.081,0.227,0.195,0.251,0.446
1,1,2,2,1,1,2,2,2,2,2,2,2,2,1,2,2,2,1,1,2,1.667,1.23,0.781,1.008,0.227,0.195,0.251,0.446
4,4,5,4,4,4,4,3,4,4,4,3,5,4,4,4,5,4,4,4,4,3.917,2.78,3.088,2.821,0.227,0.195,0.251,0.446
4,4,4,5,4,4,5,4,3,4,4,4,4,4,4,3,4,4,4,4,5,4.083,2.765,2.422,2.838,0.227,0.195,0.251,0.446
4,4,5,4,3,3,4,3,4,3,4,4,4,4,3,4,4,4,4,4,4,3.75,2.361,2.566,2.463,0.227,0.195,0.251,0.446
3,5,4,3,4,5,4,3,3,4,4,4,4,4,4,5,4,5,5,5,4,3.833,2.378,2.596,2.371,0.227,0.195,0.251,0.446
4,4,4,5,4,4,4,4,3,3,4,4,4,4,4,5,5,4,5,4,5,3.917,2.53,2.146,2.449,0.227,0.195,0.251,0.446
4,5,4,3,4,4,4,4,4,4,5,4,5,3,4,3,4,5,4,4,4,4.083,2.813,2.663,2.865,0.227,0.195,0.251,0.446
4,4,4,4,4,4,3,4,5,5,4,4,4,4,3,4,5,5,4,4,4,4.083,2.501,2.736,2.257,0.227,0.195,0.251,0.446
4,4,4,3,4,3,4,3,4,4,4,5,4,4,4,4,5,4,5,5,4,3.833,2.622,2.142,2.662,0.227,0.195,0.251,0.446
4,4,4,4,5,4,4,4,4,4,4,5,4,4,4,3,4,5,5,4,5,4.167,2.773,2.662,3.057,0.227,0.195,0.251,0.446
4,4,4,3,4,5,3,4,4,4,5,5,5,4,4,4,4,4,4,4,4,4.083,2.404,2.723,2.764,0.227,0.195,0.251,0.446
4,4,4,5,3,4,4,4,4,4,4,4,4,5,4,5,5,4,4,5,5,4,2.721,2.817,2.509,0.227,0.195,0.251,0.446
4,4,5,4,4,5,3,5,4,4,4,4,5,4,4,4,4,4,4,5,4,4.167,2.737,2.525,2.583,0.227,0.195,0.251,0.446
4,4,5,3,4,4,4,4,3,4,3,4,5,4,4,4,5,4,5,3,5,3.833,2.382,2.753,2.878,0.227,0.195,0.251,0.446
5,5,3,5,4,4,4,4,4,3,4,5,4,4,5,5,4,3,5,4,4,4.167,2.734,2.95,2.589,0.227,0.195,0.251,0.446
4,4,4,4,4,4,3,4,3,4,5,5,5,5,4,4,3,3,4,4,4,4,2.498,2.534,2.72,0.227,0.195,0.251,0.446
4,4,4,4,4,4,4,4,3,4,4,4,4,3,5,4,4,4,4,4,5,3.917,2.595,2.31,2.473,0.227,0.195,0.251,0.446
4,4,4,4,5,4,3,4,3,3,4,4,4,4,5,4,4,4,5,5,4,3.833,2.458,2.102,2.385,0.227,0.195,0.251,0.446
4,4,4,3,5,4,4,4,2,3,4,4,4,4,4,5,4,4,4,5,4,3.75,2.132,2.34,2.117,0.227,0.195,0.251,0.446
5,4,5,4,4,5,4,3,3,3,4,4,4,4,4,4,3,3,4,5,5,4,2.572,2.866,2.801,0.227,0.195,0.251,0.446
4,4,4,3,5,5,3,4,4,4,4,4,4,5,4,4,4,5,4,5,4,4,2.511,2.442,2.595,0.227,0.195,0.251,0.446
4,4,4,4,4,4,4,3,4,4,4,4,4,4,4,4,5,4,4,4,5,3.917,2.673,2.287,2.123,0.227,0.195,0.251,0.446
5,4,5,4,4,4,4,3,3,4,5,4,4,4,4,4,5,3,4,5,4,4.083,2.83,2.83,2.797,0.227,0.195,0.251,0.446
4,4,5,4,4,4,3,4,4,5,4,4,4,5,4,4,5,4,4,5,4,4.083,2.552,2.57,2.764,0.227,0.195,0.251,0.446
4,5,4,4,5,4,4,4,3,4,4,3,4,4,4,5,4,4,4,5,5,4,2.442,2.584,2.47,0.227,0.195,0.251,0.446
4,4,5,3,4,4,4,3,4,4,4,4,4,4,4,4,3,4,5,4,4,3.917,2.21,2.209,1.718,0.227,0.195,0.251,0.446
4,4,4,4,4,5,3,3,3,5,4,3,4,3,4,4,5,5,4,4,4,3.833,2.329,2.256,2.339,0.227,0.195,0.251,0.446
4,4,4,4,4,4,4,4,4,5,4,4,4,4,4,4,5,4,5,4,4,4.083,2.59,2.407,2.923,0.227,0.195,0.251,0.446
4,4,4,4,3,4,4,4,3,4,4,4,5,5,5,5,4,4,4,4,4,3.833,2.224,2.436,2.322,0.227,0.195,0.251,0.446
4,4,5,4,4,4,4,3,4,4,4,4,4,5,4,4,4,4,5,4,4,4,2.779,2.488,2.986,0.227,0.195,0.251,0.446
5,4,4,4,4,4,3,4,4,4,3,4,4,3,5,5,4,4,4,4,4,3.917,2.598,2.624,2.409,0.227,0.195,0.251,0.446
4,4,4,4,4,4,5,4,4,4,4,4,5,4,4,4,4,4,5,5,4,4.083,2.63,2.399,2.275,0.227,0.195,0.251,0.446
4,4,4,5,4,4,5,3,3,4,4,4,4,4,5,5,4,4,5,5,4,4,2.597,2.633,2.631,0.227,0.195,0.251,0.446
5,4,4,5,4,4,3,4,3,3,4,4,3,4,4,5,5,5,5,4,4,3.917,2.607,2.655,2.422,0.227,0.195,0.251,0.446
4,4,5,4,4,4,4,4,4,5,5,4,4,4,4,4,5,4,5,5,4,4.25,2.889,2.794,2.917,0.227,0.195,0.251,0.446
4,4,4,4,4,4,4,4,4,5,4,4,4,4,4,4,3,5,4,4,5,4.083,2.816,2.848,2.708,0.227,0.195,0.251,0.446
4,4,4,3,4,4,3,3,3,4,4,4,4,4,4,4,4,4,5,5,4,3.667,2.322,2.159,2.662,0.227,0.195,0.251,0.446
4,5,4,4,4,4,4,4,4,4,4,4,4,4,4,4,4,4,5,4,5,4.083,2.626,2.726,2.584,0.227,0.195,0.251,0.446
4,4,5,3,4,4,4,3,5,4,4,4,4,5,5,4,4,4,4,4,4,4,2.635,2.58,2.645,0.227,0.195,0.251,0.446
4,5,4,4,4,4,5,4,5,3,4,4,4,4,3,3,4,4,4,4,5,4.167,2.672,2.399,2.744,0.227,0.195,0.251,0.446
4,5,4,4,3,4,3,4,3,4,3,4,4,4,4,3,3,4,4,4,5,3.75,2.612,1.937,2.548,0.227,0.195,0.251,0.446
5,4,5,3,4,4,4,3,4,3,5,4,4,4,3,4,5,5,5,3,4,4,2.845,2.173,2.893,0.227,0.195,0.251,0.446
5,4,4,5,3,2,4,4,4,5,5,4,4,4,5,4,4,4,4,4,3,4.083,2.723,2.034,2.389,0.227,0.195,0.251,0.446
5,5,4,4,5,5,3,3,4,4,4,4,4,4,4,4,3,4,4,4,4,4.167,2.527,2.658,2.555,0.227,0.195,0.251,0.446
4,4,4,4,4,4,4,4,4,4,4,3,4,4,4,4,4,4,4,4,4,3.917,2.648,2.412,2.064,0.227,0.195,0.251,0.446
4,4,4,4,4,4,3,3,5,3,4,4,4,4,4,4,4,4,5,5,5,3.833,2.568,2.454,3.029,0.227,0.195,0.251,0.446
4,4,5,5,5,4,3,4,4,4,4,5,4,4,5,4,4,5,4,5,4,4.25,2.564,2.552,2.73,0.227,0.195,0.251,0.446
4,5,4,4,4,3,3,4,4,4,4,4,4,4,4,3,4,4,4,4,5,3.917,2.622,2.63,2.81,0.227,0.195,0.251,0.446
4,4,4,4,4,4,4,5,3,3,4,4,4,4,3,4,4,5,4,4,4,3.917,2.437,2.572,2.682,0.227,0.195,0.251,0.446
4,4,4,4,4,5,4,4,4,4,3,4,5,4,3,4,5,4,5,5,5,4,2.749,2.573,2.666,0.227,0.195,0.251,0.446
4,5,4,4,4,4,4,3,4,4,4,4,4,5,5,4,4,5,4,4,4,4,2.7,2.571,2.726,0.227,0.195,0.251,0.446
4,4,4,4,4,4,3,4,4,5,4,4,4,4,4,4,4,4,4,4,4,4,2.645,2.561,2.478,0.227,0.195,0.251,0.446
4,5,5,4,4,3,4,4,4,5,4,5,4,5,4,4,3,4,4,4,4,4.25,2.77,3.018,2.813,0.227,0.195,0.251,0.446
4,4,4,4,4,4,4,3,3,4,4,4,4,5,4,5,4,4,4,4,4,3.833,2.065,1.755,1.851,0.227,0.195,0.251,0.446
4,4,4,4,4,4,4,5,4,3,4,5,5,4,4,4,5,4,4,4,4,4.083,2.411,2.31,2.853,0.227,0.195,0.251,0.446
4,5,5,4,4,4,4,3,4,5,4,5,4,4,4,5,5,4,4,4,5,4.25,2.736,2.874,2.961,0.227,0.195,0.251,0.446
4,4,4,4,4,3,4,5,3,4,4,4,4,4,4,4,5,5,4,4,5,3.917,2.85,2.841,3.269,0.227,0.195,0.251,0.446
4,4,5,4,5,4,4,4,4,4,4,4,4,3,5,4,4,4,5,4,4,4.167,2.821,2.761,3.358,0.227,0.195,0.251,0.446
4,4,4,4,5,4,4,3,4,4,5,5,5,4,4,4,4,4,5,5,4,4.167,3.071,2.696,2.482,0.227,0.195,0.251,0.446
4,4,5,4,4,4,4,3,4,4,4,4,5,4,4,4,4,4,4,3,4,4,2.617,2.981,3.024,0.227,0.195,0.251,0.446
4,4,4,4,5,4,4,4,4,4,4,3,4,5,4,4,4,4,4,5,4,4,2.594,2.552,2.26,0.227,0.195,0.251,0.446
5,5,4,4,4,4,4,3,4,5,4,4,4,4,4,3,4,4,5,4,5,4.167,2.993,2.722,2.865,0.227,0.195,0.251,0.446
4,5,4,3,3,4,3,4,3,4,4,4,4,4,4,4,4,4,4,5,4,3.75,2.406,2.675,2.62,0.227,0.195,0.251,0.446
5,4,4,3,4,4,5,4,4,3,4,4,4,5,4,4,3,5,4,4,4,4,2.403,2.56,2.223,0.227,0.195,0.251,0.446
4,5,5,4,5,4,3,4,5,4,4,4,4,4,4,4,4,5,4,4,4,4.25,2.826,2.924,2.683,0.227,0.195,0.251,0.446
4,5,5,4,4,3,3,4,4,4,4,4,3,4,4,5,4,4,5,4,4,4,2.825,2.853,2.879,0.227,0.195,0.251,0.446
5,4,4,5,4,4,3,3,5,4,5,4,5,4,4,4,4,4,4,5,5,4.167,2.543,2.464,2.626,0.227,0.195,0.251,0.446
4,5,4,3,3,4,3,3,4,5,3,4,4,4,4,4,4,3,5,4,4,3.75,2.555,2.836,2.397,0.227,0.195,0.251,0.446
4,4,4,4,4,4,4,3,4,4,3,3,4,4,4,5,4,4,3,4,4,3.75,2.419,1.731,1.994,0.227,0.195,0.251,0.446
5,4,4,5,3,5,3,4,4,4,4,4,4,4,3,4,4,4,4,4,4,4.083,2.744,2.099,2.107,0.227,0.195,0.251,0.446
4,4,4,4,4,4,4,4,5,4,4,4,4,4,4,4,4,4,4,5,5,4.083,2.717,2.414,2.297,0.227,0.195,0.251,0.446
5,4,4,4,4,4,4,3,4,4,4,5,5,4,4,4,3,5,4,4,4,4.083,2.571,2.427,2.466,0.227,0.195,0.251,0.446
4,5,4,4,3,4,5,3,4,4,4,4,4,4,4,4,5,5,4,4,4,4,2.579,2.593,2.858,0.227,0.195,0.251,0.446
4,4,4,4,4,4,4,4,3,4,4,4,4,4,4,4,4,5,4,4,4,3.917,2.475,2.261,2.709,0.227,0.195,0.251,0.446
4,4,5,3,4,5,4,5,4,4,4,4,4,3,4,5,4,4,4,4,5,4.167,2.732,2.62,3.159,0.227,0.195,0.251,0.446
4,4,4,4,4,4,3,3,4,5,4,5,5,4,4,4,4,4,4,4,4,4,2.431,2.399,2.595,0.227,0.195,0.251,0.446
5,4,4,4,4,3,4,4,4,5,5,3,4,4,3,3,4,4,4,5,5,4.083,2.533,3.021,2.832,0.227,0.195,0.251,0.446
4,5,4,5,4,4,4,3,4,4,4,4,4,4,4,4,4,4,4,4,4,4.083,2.571,2.332,2.645,0.227,0.195,0.251,0.446
4,5,4,4,4,4,4,3,5,4,5,4,4,4,5,4,5,4,4,5,4,4.167,2.787,2.221,2.679,0.227,0.195,0.251,0.446
3,4,4,4,4,4,4,4,3,4,4,4,4,4,4,4,5,4,5,4,4,3.833,2.209,2.586,2.06,0.227,0.195,0.251,0.446
4,4,4,4,5,3,3,4,4,4,4,4,4,5,4,5,4,4,4,5,4,3.917,2.524,2.272,2.922,0.227,0.195,0.251,0.446
4,4,5,3,4,4,5,4,4,4,4,5,4,4,4,4,4,5,4,4,4,4.167,2.567,2.542,2.137,0.227,0.195,0.251,0.446
4,4,5,4,4,4,3,4,3,3,4,4,4,4,3,5,5,3,4,4,5,3.833,2.409,2.215,2.663,0.227,0.195,0.251,0.446
4,4,4,5,3,4,5,4,5,4,4,4,4,4,4,5,3,5,4,5,5,4.167,2.576,2.753,2.721,0.227,0.195,0.251,0.446
4,4,4,4,3,4,4,4,4,4,4,5,4,4,4,4,4,4,4,4,4,4,2.639,2.18,2.191,0.227,0.195,0.251,0.446
4,4,5,5,4,4,4,4,4,4,4,4,4,5,4,5,3,4,4,4,4,4.167,2.677,1.904,2.531,0.227,0.195,0.251,0.446
4,5,4,3,4,4,4,4,4,4,4,4,4,4,4,4,3,4,5,4,4,4,2.742,2.884,2.747,0.227,0.195,0.251,0.446
4,4,4,4,5,4,3,4,3,4,4,4,4,4,4,5,5,4,4,4,4,3.917,2.626,2.548,2.42,0.227,0.195,0.251,0.446
4,5,4,3,4,4,3,3,3,4,5,4,4,4,4,5,4,4,4,5,5,3.833,2.184,2.566,2.103,0.227,0.195,0.251,0.446
4,4,5,5,5,3,3,3,5,4,4,4,4,4,4,4,4,4,4,4,5,4.083,2.462,2.811,2.313,0.227,0.195,0.251,0.446
4,5,4,4,3,4,4,4,4,4,4,5,4,4,4,4,4,4,5,5,4,4.083,2.62,2.321,2.378,0.227,0.195,0.251,0.446
4,4,4,4,4,4,4,4,3,4,4,4,3,5,4,5,4,4,4,4,5,3.917,2.537,2.47,2.436,0.227,0.195,0.251,0.446
5,4,4,4,4,4,5,5,3,4,4,4,4,4,4,5,5,5,4,4,4,4.167,2.534,2.68,2.363,0.227,0.195,0.251,0.446
3,4,3,5,3,4,3,4,3,4,4,5,4,4,4,4,4,5,5,5,5,3.75,2.698,2.417,2.536,0.227,0.195,0.251,0.446
4,5,5,5,4,4,4,3,5,4,4,4,4,4,4,5,3,4,5,4,3,4.25,2.935,2.649,2.523,0.227,0.195,0.251,0.446
4,4,4,4,4,5,4,4,4,4,4,4,4,4,5,5,4,4,4,4,4,4.083,2.325,2.394,2.562,0.227,0.195,0.251,0.446
4,4,5,3,5,3,4,4,3,4,5,5,4,4,4,4,4,4,4,4,5,4.083,2.723,2.857,3.084,0.227,0.195,0.251,0.446
5,4,4,4,4,4,4,4,4,5,4,4,5,3,4,5,4,4,5,5,5,4.167,2.699,2.547,2.734,0.227,0.195,0.251,0.446
4,3,4,3,4,5,3,3,4,4,4,4,3,3,4,4,5,5,5,4,4,3.75,2.686,2.59,2.569,0.227,0.195,0.251,0.446
4,4,4,3,4,4,4,5,3,3,4,4,4,4,4,5,4,4,4,4,5,3.833,2.178,2.382,2.239,0.227,0.195,0.251,0.446
5,4,4,4,4,4,4,5,5,4,5,4,5,4,4,4,4,4,5,5,5,4.333,3.229,2.622,3.246,0.227,0.195,0.251,0.446
4,5,5,4,5,4,4,4,4,5,4,5,4,4,4,4,5,3,4,3,5,4.417,2.702,2.788,2.761,0.227,0.195,0.251,0.446
4,4,4,4,3,4,4,4,4,5,5,4,4,5,5,4,4,4,4,4,4,4.083,2.73,2.204,3.14,0.227,0.195,0.251,0.446
4,5,4,4,5,4,3,4,4,4,4,4,4,3,4,4,5,5,4,5,4,4.083,2.533,2.62,2.329,0.227,0.195,0.251,0.446
5,4,5,4,4,3,4,5,3,4,4,4,5,4,5,5,5,4,4,4,5,4.083,2.579,2.759,2.766,0.227,0.195,0.251,0.446
4,5,4,4,4,4,4,5,3,3,5,4,5,4,4,4,5,4,5,4,4,4.083,2.316,2.724,2.954,0.227,0.195,0.251,0.446
5,4,4,4,4,4,4,4,4,4,4,5,3,4,4,4,4,4,4,4,5,4.167,2.948,2.46,2.529,0.227,0.195,0.251,0.446
4,4,4,4,5,4,4,3,4,3,4,4,4,4,4,4,5,4,3,4,4,3.917,2.492,2.305,2.394,0.227,0.195,0.251,0.446
4,4,4,4,4,4,3,4,4,4,5,4,4,4,4,5,3,4,4,5,5,4,2.56,2.567,2.751,0.227,0.195,0.251,0.446
5,5,4,4,4,5,4,3,4,4,4,5,5,4,3,4,5,4,4,5,4,4.25,3.225,2.71,2.998,0.227,0.195,0.251,0.446
4,4,4,5,4,3,4,4,4,4,4,5,4,4,4,4,4,4,4,5,4,4.083,2.846,2.147,2.669,0.227,0.195,0.251,0.446
4,4,4,5,4,4,4,4,4,4,3,4,5,4,4,4,4,4,5,4,4,4,2.466,2.328,2.761,0.227,0.195,0.251,0.446
4,4,4,3,4,3,4,4,5,4,4,4,4,4,4,4,4,5,3,4,5,3.917,2.424,2.485,2.418,0.227,0.195,0.251,0.446
5,4,4,4,4,4,4,4,3,3,4,4,4,3,5,5,3,4,5,5,4,3.917,2.598,2.743,3.019,0.227,0.195,0.251,0.446
4,5,5,4,4,4,3,4,4,3,3,4,4,4,4,3,4,4,5,4,4,3.917,2.7,2.934,2.337,0.227,0.195,0.251,0.446
4,5,4,4,5,3,3,4,5,4,4,5,4,4,3,4,4,3,4,4,5,4.167,3.059,2.768,3.128,0.227,0.195,0.251,0.446
4,5,4,5,4,4,4,3,4,4,5,3,4,4,5,5,4,4,4,4,4,4.083,2.333,2.591,2.84,0.227,0.195,0.251,0.446
4,5,5,3,4,4,3,4,4,4,3,4,4,4,4,4,4,4,4,5,5,3.917,2.691,2.749,2.497,0.227,0.195,0.251,0.446
4,4,4,4,5,3,4,3,4,4,4,4,4,4,4,5,4,5,4,4,4,3.917,2.723,2.007,2.041,0.227,0.195,0.251,0.446
4,4,4,4,3,4,4,2,5,4,4,5,4,4,3,4,4,3,4,4,5,3.917,2.388,2.148,2.301,0.227,0.195,0.251,0.446
2,2,2,1,2,2,1,1,1,2,1,1,1,2,2,2,2,2,2,2,1,1.5,0.903,0.942,1.049,0.227,0.195,0.251,0.446
4,5,3,4,4,4,3,5,5,4,5,4,4,5,5,4,5,4,4,4,5,4.167,2.382,2.889,2.62,0.227,0.195,0.251,0.446
5,4,4,5,3,4,4,4,4,4,4,4,4,3,4,4,4,4,4,4,3,4.083,2.554,2.685,2.782,0.227,0.195,0.251,0.446
4,4,5,5,3,4,3,4,4,4,4,5,4,4,4,4,4,4,4,5,4,4.083,2.701,2.661,3.176,0.227,0.195,0.251,0.446
4,4,4,4,4,4,4,4,4,4,4,4,4,4,4,5,3,5,4,5,4,4,2.919,2.565,2.36,0.227,0.195,0.251,0.446
4,4,4,4,4,4,4,4,3,3,4,4,4,4,4,4,4,5,5,4,4,3.833,2.829,2.63,2.179,0.227,0.195,0.251,0.446
5,4,4,3,3,4,3,3,4,4,4,4,5,4,3,4,5,5,4,4,5,3.75,2.232,2.132,2.255,0.227,0.195,0.251,0.446
4,5,5,3,4,4,3,4,4,5,4,4,4,4,4,5,4,4,5,4,5,4.083,2.946,2.469,2.518,0.227,0.195,0.251,0.446
4,4,4,3,4,5,4,2,4,4,4,5,3,5,4,4,5,4,4,5,5,3.917,2.156,2.148,2.169,0.227,0.195,0.251,0.446
5,4,4,4,4,4,4,3,4,4,4,4,3,4,5,4,4,3,3,4,5,4,2.483,2.804,2.983,0.227,0.195,0.251,0.446
5,4,4,4,4,4,5,4,3,4,4,3,4,4,3,4,3,4,4,4,4,4,2.54,2.279,2.443,0.227,0.195,0.251,0.446
4,4,4,5,5,4,3,4,4,4,4,4,4,4,4,5,4,5,4,4,5,4.083,2.705,2.48,2.613,0.227,0.195,0.251,0.446
4,4,4,4,4,4,4,4,4,5,4,4,4,3,4,3,5,4,5,5,5,4.083,2.675,2.688,2.585,0.227,0.195,0.251,0.446
4,4,3,4,4,5,5,4,4,4,4,5,5,3,5,3,5,4,5,5,4,4.167,2.781,2.42,2.626,0.227,0.195,0.251,0.446
5,4,5,4,3,5,4,4,4,4,4,4,4,5,4,4,4,4,4,5,5,4.167,2.672,2.658,2.765,0.227,0.195,0.251,0.446
3,5,4,4,4,4,3,4,4,3,4,4,3,4,5,4,4,4,4,4,4,3.833,2.684,2.529,3.28,0.227,0.195,0.251,0.446
5,4,4,5,5,4,4,3,4,4,4,5,4,4,4,4,4,3,5,5,4,4.25,2.901,2.559,2.814,0.227,0.195,0.251,0.446
4,4,5,4,4,4,4,4,4,4,5,4,3,5,4,4,3,4,5,4,4,4.167,2.65,2.53,2.931,0.227,0.195,0.251,0.446
4,4,5,4,5,4,4,3,5,4,4,4,4,4,5,4,4,5,4,5,4,4.167,2.877,2.438,2.718,0.227,0.195,0.251,0.446
4,4,4,4,4,4,3,4,4,4,4,4,4,4,4,4,5,4,4,5,5,3.917,2.96,2.948,2.344,0.227,0.195,0.251,0.446
5,4,4,4,4,4,3,4,4,5,5,4,4,3,4,5,4,4,4,5,4,4.167,2.574,2.632,2.516,0.227,0.195,0.251,0.446
5,5,5,3,4,4,3,4,3,4,5,4,4,5,4,4,4,4,4,3,4,4.083,2.989,2.417,2.75,0.227,0.195,0.251,0.446
4,4,5,4,5,4,3,5,4,4,4,4,4,4,3,4,4,5,5,5,4,4.167,2.592,2.605,2.834,0.227,0.195,0.251,0.446
4,4,4,4,3,4,3,4,5,3,4,4,4,4,4,3,4,4,5,4,4,3.833,2.774,2.547,2.67,0.227,0.195,0.251,0.446
4,4,4,4,4,4,3,3,5,5,4,4,5,4,4,4,5,4,4,4,4,4,2.491,1.911,2.542,0.227,0.195,0.251,0.446
4,5,4,4,3,4,5,4,3,4,4,4,4,4,3,4,4,4,5,4,5,4,2.753,2.899,2.42,0.227,0.195,0.251,0.446
4,5,5,4,4,4,5,5,4,4,5,4,5,4,5,4,4,4,5,4,4,4.417,2.907,2.537,2.782,0.227,0.195,0.251,0.446
4,4,4,4,4,4,3,4,4,4,3,4,3,5,5,4,4,5,4,4,4,3.833,2.135,2.803,2.86,0.227,0.195,0.251,0.446
4,5,4,4,4,4,4,5,4,4,4,4,4,4,4,3,4,4,4,4,5,4.167,3.091,2.947,2.697,0.227,0.195,0.251,0.446
4,4,4,4,3,5,3,4,4,4,5,4,3,4,4,3,4,4,4,4,4,4,2.421,2.166,2.673,0.227,0.195,0.251,0.446
4,4,5,4,4,4,4,5,3,4,4,4,4,5,3,4,3,5,4,4,5,4.083,2.4,2.395,2.762,0.227,0.195,0.251,0.446
4,4,3,4,5,4,4,4,3,4,5,4,4,4,4,4,4,4,5,4,4,4,2.472,2.696,2.311,0.227,0.195,0.251,0.446
4,4,5,4,3,5,4,5,3,4,4,4,4,4,4,4,4,4,4,5,5,4.083,3.16,2.68,2.921,0.227,0.195,0.251,0.446
5,4,5,4,4,4,4,4,4,4,3,5,4,4,4,3,5,4,5,4,4,4.167,2.458,2.821,2.739,0.227,0.195,0.251,0.446
5,4,3,3,4,3,4,3,4,4,4,4,4,5,4,4,4,4,4,4,5,3.75,2.473,2.272,2.356,0.227,0.195,0.251,0.446
5,4,4,3,3,5,3,3,4,4,4,4,5,4,4,4,4,4,4,4,4,3.833,2.267,2.307,1.988,0.227,0.195,0.251,0.446
5,5,5,4,5,4,4,4,4,4,4,4,5,4,4,4,4,5,5,4,5,4.333,2.626,2.89,2.745,0.227,0.195,0.251,0.446
4,4,5,3,3,5,4,4,4,4,5,4,5,4,4,4,5,4,4,5,4,4.083,2.334,2.601,2.518,0.227,0.195,0.251,0.446
5,4,4,4,4,4,4,4,4,4,4,4,4,4,4,4,4,4,4,4,4,4.083,2.717,2.353,2.148,0.227,0.195,0.251,0.446
4,4,4,4,5,5,4,3,4,4,3,4,3,4,4,4,5,4,3,4,4,4,2.568,2.607,2.287,0.227,0.195,0.251,0.446
4,4,4,4,3,4,3,3,3,4,5,4,5,4,4,5,4,4,4,4,5,3.75,2.211,2.316,2.108,0.227,0.195,0.251,0.446
4,4,5,4,4,4,3,5,4,3,4,4,4,4,5,4,4,4,4,4,4,4,2.775,2.343,2.308,0.227,0.195,0.251,0.446
5,4,4,4,4,4,5,3,4,3,4,5,5,4,5,4,4,4,4,5,4,4.083,2.85,2.283,2.666,0.227,0.195,0.251,0.446
5,4,4,4,4,4,3,3,3,4,4,4,4,4,4,4,3,5,4,5,4,3.833,2.573,1.951,2.547,0.227,0.195,0.251,0.446
4,4,4,4,5,3,4,4,4,3,4,4,4,4,4,4,3,4,4,4,4,3.917,2.78,2.466,2.526,0.227,0.195,0.251,0.446
4,4,4,4,3,4,4,5,3,4,4,4,4,4,4,4,4,5,4,5,4,3.917,2.476,2.42,2.686,0.227,0.195,0.251,0.446
4,4,4,4,3,4,4,4,3,4,4,4,4,4,5,4,4,4,4,5,5,3.833,2.556,2.554,2.793,0.227,0.195,0.251,0.446
4,4,5,3,4,4,4,4,4,3,3,4,4,4,4,4,5,3,4,5,4,3.833,2.423,2.586,2.507,0.227,0.195,0.251,0.446
